Player_1	Characters_1	Characters_12	Player_2	Characters_2	Characters_22	Bracket_Location
Chibodee + Grimlock	.\characters\ness.png	.\characters\diddy.png	Taste the Aura + MIKA	.\characters\lucario.png	.\characters\villager.png	Pools
Magister + Pandarian	.\characters\charizard.png	.\characters\mk.png	Lemmon + Kantrip	.\characters\bayonetta.png	.\characters\sonic.png	Winners Quarter-Final
Firefly + Big D	.\characters\yoshi.png	.\characters\mario.png	FedVsRafa + Karma	.\characters\luigi.png	.\characters\ryu.png	Winners Quarter-Final
Captain L + Konga	.\characters\pika.png	.\characters\dk.png	Lemmon + Kantrip	.\characters\bayonetta.png	.\characters\sonic.png	Winners Semi-Final
Pokepen + Irakaz	.\characters\cloud.png	.\characters\cloud.png	Firefly + Big D	.\characters\yoshi.png	.\characters\mario.png	Winners Semi-Final
Konga + Captain L	.\characters\dk.png	.\characters\pika.png	Firefly + Mario	.\characters\yoshi.png	.\characters\mario.png	Winners Final
Big D	.\characters\mario.png	.\characters\empty.png	Objection!	.\characters\shulk.png	.\characters\empty.png	Pools
Magister + Pandarian	.\characters\villager.png	.\characters\mk.png	Konga + Captain L	.\characters\dk.png	.\characters\pika.png	Losers Final
Firefly + Big D	.\characters\yoshi.png	.\characters\mario.png	Konga + Captain L [L]	.\characters\dk.png	.\characters\pika.png	Grand Final
Firefly + Big D [L]	.\characters\yoshi.png	.\characters\mario.png	Konga + Captain L [L]	.\characters\dk.png	.\characters\pika.png	Reset
Captain L	.\characters\pika.png	.\characters\empty.png	Zeevolts	.\characters\ganon.png	.\characters\empty.png	Pools
Shinkou	.\characters\sheik.png	.\characters\empty.png	Ro	.\characters\corrin.png	.\characters\empty.png	Pools
Karma 	.\characters\ryu.png	.\characters\empty.png	Magister	.\characters\charizard.png	.\characters\villager.png	Pools
Tezii	.\characters\mewtwo.png	.\characters\empty.png	Shinkou	.\characters\sheik.png	.\characters\empty.png	Pools
Magister	.\characters\charizard.png	.\characters\empty.png	LetsTickle	.\characters\corrin.png	.\characters\empty.png	Top 32 Winners
Near	.\characters\marth.png	.\characters\empty.png	Milky	.\characters\bayonetta.png	.\characters\empty.png	Top 32 Winners
Pandarian	.\characters\mk.png	.\characters\empty.png	LetsTickle	.\characters\corrin.png	.\characters\empty.png	Winners Quarter-Final
