Player_1,Characters_1,Characters_12,Player_2,Characters_2,Characters_22,Bracket_Location
JoJoDaHobo + Pokepen,.\characters\toon link.png,.\characters\bayonetta.png,Kaden + Kyle,.\characters\luigi.png,.\characters\bowser.png,Pools
Slow Dancer + Katsuki,.\characters\cloud.png,.\characters\cloud.png,MaddMat + FireThePyro,.\characters\fox.png,.\characters\fox.png,Pools
Big D + Viviff,.\characters\mario.png,.\characters\bowser.png,Cibitz + AzteKZZz,.\characters\cloud.png,.\characters\lucario.png,Pools
BlackDynoWright + Duwang,.\characters\little mac.png,.\characters\mario.png,Ned + Captain L,.\characters\cloud.png,.\characters\pika.png,Pools
PoundCake + Shoghi,.\characters\ryu.png,.\characters\roy.png,Nom + JJROCKETS,.\characters\sheik.png,.\characters\diddy.png,Pools
Konga + KaZak,.\characters\dk.png,.\characters\cloud.png,AQT + DAMN.,.\characters\mewtwo.png,.\characters\ryu.png,Pools
Pandarian + Dare2Dream,.\characters\mk.png,.\characters\cloud.png,Ned + Captain L,.\characters\cloud.png,.\characters\pika.png,Pools
Big D + Viviff,.\characters\mario.png,.\characters\bowser.png,JoJoDaHobo + Pokepen,.\characters\toon link.png,.\characters\bayonetta.png,Winners Quarters
Kantrip + Len,.\characters\sonic.png,.\characters\pit.png,Nom + JJROCKETS,.\characters\sheik.png,.\characters\diddy.png,Winners Quarters
Momo + Ruff!,.\characters\diddy.png,.\characters\mario.png,Lean + Sandman,.\characters\fox.png,.\characters\cloud.png,Losers Round 5
Captain L + Ned,.\characters\pika.png,.\characters\cloud.png,Big D + Viviff,.\characters\mario.png,.\characters\bowser.png,Winners Semis
Konga + KaZaK,.\characters\dk.png,.\characters\cloud.png,Nom + JJROCKETS,.\characters\sheik.png,.\characters\diddy.png,Winners Semis
Captain L + Ned,.\characters\pika.png,.\characters\cloud.png,Nom + JJROCKETS,.\characters\sheik.png,.\characters\diddy.png,Winners Finals
Len + Kantrip,.\characters\pit.png,.\characters\sonic.png,SilentRain + Mace,.\characters\bayonetta.png,.\characters\fox.png,Losers Semis
Nom + JJROCKETS,.\characters\sheik.png,.\characters\diddy.png,SilentRain + Mace,.\characters\bayonetta.png,.\characters\fox.png,Losers Finals
Nom + JJROCKETS [L],.\characters\sheik.png,.\characters\diddy.png,Ned + Captain L,.\characters\cloud.png,.\characters\pika.png,Grand Finals
Shoghi,.\characters\roy.png,.\characters\robin.png,KOSSismoss,.\characters\g&w.png,.\characters\empty.png,Pools
Grade,.\characters\mewtwo.png,.\characters\empty.png,MFC | FedVsRafa,.\characters\luigi.png,.\characters\empty.png,Pools
Magister,.\characters\villager.png,.\characters\empty.png,Zak,.\characters\diddy.png,.\characters\empty.png,Pools
BiggyMouth,.\characters\rob.png,.\characters\empty.png,JJROCKETS,.\characters\diddy.png,.\characters\empty.png,Pools
Solid | SilentRain,.\characters\mario.png,.\characters\bayonetta.png,Piff,.\characters\bayonetta.png,.\characters\olimar.png,Pools
King,.\characters\rosa.png,.\characters\empty.png,WeS | Pokalink,.\characters\ness.png,.\characters\empty.png,Pools
Isles,.\characters\dk.png,.\characters\pika.png,KaZaK,.\characters\falcon.png,.\characters\cloud.png,Pools
CACAW | Big D,.\characters\mario.png,.\characters\empty.png,Mika,.\characters\villager.png,.\characters\empty.png,Pools
Ruff!,.\characters\samus.png,.\characters\mario.png,Duwang,.\characters\mario.png,.\characters\empty.png,Pools
Solid | EC2,.\characters\rob.png,.\characters\empty.png,Viviff,.\characters\bowser.png,.\characters\empty.png,Pools
Nom,.\characters\sheik.png,.\characters\empty.png,SK,.\characters\kirby.png,.\characters\empty.png,Pools
BlackDynoWright,.\characters\little mac.png,.\characters\empty.png,KoL | Konga,.\characters\dk.png,.\characters\empty.png,Pools
Len,.\characters\pit.png,.\characters\empty.png,Pyreeze,.\characters\samus.png,.\characters\empty.png,Pools
DtD | Locke,.\characters\mm.png,.\characters\empty.png,Lemmon,.\characters\zss.png,.\characters\empty.png,Pools
Nom,.\characters\sheik.png,.\characters\empty.png,Grade,.\characters\mewtwo.png,.\characters\empty.png,Winners Top 48
CACAW | Big D,.\characters\mario.png,.\characters\falcon.png,Solid | SilentRain,.\characters\bayonetta.png,.\characters\empty.png,Winners Top 48
Shinkou,.\characters\marth.png,.\characters\empty.png,Ned,.\characters\cloud.png,.\characters\zss.png,Winners Top 48
Captain L,.\characters\pika.png,.\characters\empty.png,Pokepen,.\characters\bayonetta.png,.\characters\empty.png,Winners Top 48
Nom,.\characters\sheik.png,.\characters\empty.png,KoL | Konga,.\characters\dk.png,.\characters\empty.png,Winners Quarters
KOSSismoss,.\characters\g&w.png,.\characters\empty.png,Big D,.\characters\mario.png,.\characters\ddd.png,Winners Quarters
Ned,.\characters\cloud.png,.\characters\empty.png,Pokepen,.\characters\bayonetta.png,.\characters\empty.png,Winners Quarters
JJROCKETS,.\characters\diddy.png,.\characters\empty.png,Cacogen,.\characters\sheik.png,.\characters\empty.png,Winners Quarters
Len,.\characters\pit.png,.\characters\empty.png,Nom,.\characters\sheik.png,.\characters\empty.png,Losers Top 8 Qualifier 
Cacogen,.\characters\sheik.png,.\characters\empty.png,Magister,.\characters\charizard.png,.\characters\empty.png,Losers Top 8 Qualifier 
KoL | Konga,.\characters\dk.png,.\characters\empty.png,KOSSismoss,.\characters\g&w.png,.\characters\empty.png,Winners Semis
Ned,.\characters\cloud.png,.\characters\empty.png,JJROCKETS,.\characters\diddy.png,.\characters\empty.png,Winners Semis
Captain L,.\characters\pika.png,.\characters\empty.png,Len,.\characters\pit.png,.\characters\empty.png,Losers Eighths
Cacogen,.\characters\sheik.png,.\characters\empty.png,AEC | Pyreeze,.\characters\samus.png,.\characters\empty.png,Losers Eighths
Captain L,.\characters\pika.png,.\characters\empty.png,JJROCKETS,.\characters\diddy.png,.\characters\empty.png,Losers Quarters
KOSSismoss,.\characters\g&w.png,.\characters\empty.png,Cacogen,.\characters\sheik.png,.\characters\empty.png,Losers Quarters
KoL | Konga,.\characters\dk.png,.\characters\empty.png,Ned,.\characters\zss.png,.\characters\empty.png,Winners Finals
KOSSismoss,.\characters\g&w.png,.\characters\empty.png,Captain L,.\characters\pika.png,.\characters\empty.png,Losers Semis
KOSSismoss,.\characters\g&w.png,.\characters\empty.png,KoL | Konga,.\characters\dk.png,.\characters\empty.png,Losers Finals
Ned,.\characters\cloud.png,.\characters\empty.png,KoL | Konga [L],.\characters\dk.png,.\characters\empty.png,Grand Finals
Ned [L],.\characters\zss.png,.\characters\empty.png,KoL | Konga [L],.\characters\dk.png,.\characters\empty.png,Reset
